what,kind,bundleId,bundleVersion,description,time
executed,command,org.eclipse.ui,3.6.1.M20100826-1330,"org.eclipse.ui.edit.delete",1293045703795
executed,command,org.eclipse.ui,3.6.1.M20100826-1330,"org.eclipse.ui.edit.delete",1293045708141
executed,command,org.eclipse.ui,3.6.1.M20100826-1330,"org.eclipse.ui.edit.delete",1293045709764
executed,command,org.eclipse.ui,3.6.1.M20100826-1330,"org.eclipse.ui.file.save",1293045711683
deactivated,workbench,org.eclipse.ui.workbench,3.6.1.M20100826-1330,"",1293045713154
activated,workbench,org.eclipse.ui.workbench,3.6.1.M20100826-1330,"",1293045728371
activated,view,org.eclipse.ui.navigator.resources,3.4.201.M20100707-0800,"org.eclipse.ui.navigator.ProjectExplorer",1293045728406
deactivated,workbench,org.eclipse.ui.workbench,3.6.1.M20100826-1330,"",1293045736665
activated,workbench,org.eclipse.ui.workbench,3.6.1.M20100826-1330,"",1293045762967
deactivated,workbench,org.eclipse.ui.workbench,3.6.1.M20100826-1330,"",1293045774731
executed,command,org.eclipse.ui,3.6.1.M20100826-1330,"org.eclipse.ui.file.import",1293045790588
executed,command,org.eclipse.ui,3.6.1.M20100826-1330,"org.eclipse.ui.file.import",1293045790588
activated,workbench,org.eclipse.ui.workbench,3.6.1.M20100826-1330,"",1293045790602
opened,editor,org.eclipse.cdt.ui,5.2.1.201009141542,"org.eclipse.cdt.ui.editor.CEditor",1293045794910
activated,editor,org.eclipse.cdt.ui,5.2.1.201009141542,"org.eclipse.cdt.ui.editor.CEditor",1293045795029
activated,view,org.eclipse.ui.navigator.resources,3.4.201.M20100707-0800,"org.eclipse.ui.navigator.ProjectExplorer",1293045795055
deactivated,workbench,org.eclipse.ui.workbench,3.6.1.M20100826-1330,"",1293045801630
activated,workbench,org.eclipse.ui.workbench,3.6.1.M20100826-1330,"",1293045818253
deactivated,workbench,org.eclipse.ui.workbench,3.6.1.M20100826-1330,"",1293045821855
activated,workbench,org.eclipse.ui.workbench,3.6.1.M20100826-1330,"",1293045825250
executed,command,org.eclipse.ui,3.6.1.M20100826-1330,"org.eclipse.ui.edit.copy",1293045838061
executed,command,org.eclipse.ui,3.6.1.M20100826-1330,"org.eclipse.ui.edit.paste",1293045840892
opened,editor,org.eclipse.cdt.make.ui,7.0.0.201009141542,"org.eclipse.cdt.make.editor",1293045842900
activated,editor,org.eclipse.cdt.make.ui,7.0.0.201009141542,"org.eclipse.cdt.make.editor",1293045842964
activated,view,org.eclipse.ui.navigator.resources,3.4.201.M20100707-0800,"org.eclipse.ui.navigator.ProjectExplorer",1293045842988
activated,editor,org.eclipse.cdt.make.ui,7.0.0.201009141542,"org.eclipse.cdt.make.editor",1293045845605
executed,command,org.eclipse.ui,3.6.1.M20100826-1330,"org.eclipse.ui.edit.delete",1293045852543
executed,command,org.eclipse.ui,3.6.1.M20100826-1330,"org.eclipse.ui.edit.delete",1293045853483
executed,command,org.eclipse.ui,3.6.1.M20100826-1330,"org.eclipse.ui.file.save",1293045854596
executed,command,org.eclipse.ui,3.6.1.M20100826-1330,"org.eclipse.ui.file.save",1293045868522
executed,command,org.eclipse.ui,3.6.1.M20100826-1330,"org.eclipse.ui.edit.copy",1293045875905
executed,command,org.eclipse.ui,3.6.1.M20100826-1330,"org.eclipse.ui.edit.paste",1293045876673
executed,command,org.eclipse.ui,3.6.1.M20100826-1330,"org.eclipse.ui.file.save",1293045877434
executed,command,org.eclipse.ui,3.6.1.M20100826-1330,"org.eclipse.ui.file.save",1293045890066
executed,command,org.eclipse.ui,3.6.1.M20100826-1330,"org.eclipse.ui.edit.delete",1293045913045
executed,command,org.eclipse.ui,3.6.1.M20100826-1330,"org.eclipse.ui.edit.delete",1293045913467
executed,command,org.eclipse.ui,3.6.1.M20100826-1330,"org.eclipse.ui.file.save",1293045913984
deactivated,workbench,org.eclipse.ui.workbench,3.6.1.M20100826-1330,"",1293045938021
activated,workbench,org.eclipse.ui.workbench,3.6.1.M20100826-1330,"",1293046005089
activated,view,org.eclipse.ui.navigator.resources,3.4.201.M20100707-0800,"org.eclipse.ui.navigator.ProjectExplorer",1293046005157
activated,editor,org.eclipse.cdt.make.ui,7.0.0.201009141542,"org.eclipse.cdt.make.editor",1293046013719
executed,command,org.eclipse.ui,3.6.1.M20100826-1330,"org.eclipse.ui.file.save",1293046014800
activated,view,org.eclipse.ui.navigator.resources,3.4.201.M20100707-0800,"org.eclipse.ui.navigator.ProjectExplorer",1293046039241
activated,editor,org.eclipse.cdt.make.ui,7.0.0.201009141542,"org.eclipse.cdt.make.editor",1293046064197
executed,command,org.eclipse.ui,3.6.1.M20100826-1330,"org.eclipse.ui.file.save",1293046073073
executed,command,org.eclipse.ui.workbench.texteditor,3.6.1.r361_v20100714-0800,"org.eclipse.ui.edit.text.goto.lineStart",1293046097299
executed,command,org.eclipse.ui.workbench.texteditor,3.6.1.r361_v20100714-0800,"org.eclipse.ui.edit.text.goto.lineEnd",1293046099397
executed,command,org.eclipse.ui,3.6.1.M20100826-1330,"org.eclipse.ui.file.save",1293046101428
deactivated,workbench,org.eclipse.ui.workbench,3.6.1.M20100826-1330,"",1293046104703
activated,workbench,org.eclipse.ui.workbench,3.6.1.M20100826-1330,"",1293046139829
executed,command,org.eclipse.ui,3.6.1.M20100826-1330,"org.eclipse.ui.file.save",1293046180946
executed,command,org.eclipse.ui.workbench.texteditor,3.6.1.r361_v20100714-0800,"org.eclipse.ui.edit.text.goto.lineEnd",1293046200225
deactivated,workbench,org.eclipse.ui.workbench,3.6.1.M20100826-1330,"",1293046227083
activated,editor,org.eclipse.cdt.ui,5.2.1.201009141542,"org.eclipse.cdt.ui.editor.CEditor",1293046228504
closed,editor,org.eclipse.cdt.make.ui,7.0.0.201009141542,"org.eclipse.cdt.make.editor",1293046228505
activated,workbench,org.eclipse.ui.workbench,3.6.1.M20100826-1330,"",1293046228538
activated,view,org.eclipse.ui.navigator.resources,3.4.201.M20100707-0800,"org.eclipse.ui.navigator.ProjectExplorer",1293046230267
deactivated,workbench,org.eclipse.ui.workbench,3.6.1.M20100826-1330,"",1293046235813
executed,command,org.eclipse.ltk.ui.refactoring,3.5.0.v20100526-0800,"org.eclipse.ltk.ui.refactoring.commands.deleteResources",1293046238626
executed,command,org.eclipse.ui,3.6.1.M20100826-1330,"org.eclipse.ui.edit.delete",1293046238626
activated,workbench,org.eclipse.ui.workbench,3.6.1.M20100826-1330,"",1293046238640
activated,editor,org.eclipse.cdt.make.ui,7.0.0.201009141542,"org.eclipse.cdt.make.editor",1293046242310
activated,view,org.eclipse.ui.navigator.resources,3.4.201.M20100707-0800,"org.eclipse.ui.navigator.ProjectExplorer",1293046242333
activated,editor,org.eclipse.cdt.make.ui,7.0.0.201009141542,"org.eclipse.cdt.make.editor",1293046246908
executed,command,org.eclipse.ui.workbench.texteditor,3.6.1.r361_v20100714-0800,"org.eclipse.ui.edit.text.goto.lineStart",1293046250167
executed,command,org.eclipse.ui.workbench.texteditor,3.6.1.r361_v20100714-0800,"org.eclipse.ui.edit.text.goto.lineStart",1293046250901
executed,command,org.eclipse.ui.workbench.texteditor,3.6.1.r361_v20100714-0800,"org.eclipse.ui.edit.text.goto.lineStart",1293046251571
executed,command,org.eclipse.ui,3.6.1.M20100826-1330,"org.eclipse.ui.file.save",1293046252390
executed,command,org.eclipse.ui,3.6.1.M20100826-1330,"org.eclipse.ui.file.save",1293046258602
executed,command,org.eclipse.ui,3.6.1.M20100826-1330,"org.eclipse.ui.edit.delete",1293046273961
executed,command,org.eclipse.ui,3.6.1.M20100826-1330,"org.eclipse.ui.file.save",1293046274763
executed,command,org.eclipse.ui.workbench.texteditor,3.6.1.r361_v20100714-0800,"org.eclipse.ui.edit.text.goto.lineEnd",1293046275763
executed,command,org.eclipse.ui,3.6.1.M20100826-1330,"org.eclipse.ui.file.save",1293046282441
executed,command,org.eclipse.ui,3.6.1.M20100826-1330,"org.eclipse.ui.file.save",1293046297151
executed,command,org.eclipse.ui,3.6.1.M20100826-1330,"org.eclipse.ui.edit.copy",1293046306123
executed,command,org.eclipse.ui,3.6.1.M20100826-1330,"org.eclipse.ui.edit.paste",1293046307952
executed,command,org.eclipse.ui,3.6.1.M20100826-1330,"org.eclipse.ui.file.save",1293046335482
executed,command,org.eclipse.ui,3.6.1.M20100826-1330,"org.eclipse.ui.file.save",1293046344180
executed,command,org.eclipse.ui,3.6.1.M20100826-1330,"org.eclipse.ui.file.save",1293046354971
deactivated,workbench,org.eclipse.ui.workbench,3.6.1.M20100826-1330,"",1293046355952
activated,workbench,org.eclipse.ui.workbench,3.6.1.M20100826-1330,"",1293046401776
activated,view,org.eclipse.ui.navigator.resources,3.4.201.M20100707-0800,"org.eclipse.ui.navigator.ProjectExplorer",1293046401816
deactivated,workbench,org.eclipse.ui.workbench,3.6.1.M20100826-1330,"",1293046409727
executed,command,org.eclipse.ltk.ui.refactoring,3.5.0.v20100526-0800,"org.eclipse.ltk.ui.refactoring.commands.renameResource",1293046412222
executed,command,org.eclipse.ui,3.6.1.M20100826-1330,"org.eclipse.ui.edit.rename",1293046412222
activated,workbench,org.eclipse.ui.workbench,3.6.1.M20100826-1330,"",1293046412237
executed,command,org.eclipse.ui,3.6.1.M20100826-1330,"org.eclipse.ui.file.refresh",1293046414641
deactivated,workbench,org.eclipse.ui.workbench,3.6.1.M20100826-1330,"",1293046420242
executed,command,org.eclipse.ltk.ui.refactoring,3.5.0.v20100526-0800,"org.eclipse.ltk.ui.refactoring.commands.renameResource",1293046432691
executed,command,org.eclipse.ui,3.6.1.M20100826-1330,"org.eclipse.ui.edit.rename",1293046432692
activated,workbench,org.eclipse.ui.workbench,3.6.1.M20100826-1330,"",1293046432706
deactivated,workbench,org.eclipse.ui.workbench,3.6.1.M20100826-1330,"",1293046433800
activated,workbench,org.eclipse.ui.workbench,3.6.1.M20100826-1330,"",1293046480615
activated,editor,org.eclipse.cdt.make.ui,7.0.0.201009141542,"org.eclipse.cdt.make.editor",1293046488094
executed,command,org.eclipse.ui,3.6.1.M20100826-1330,"org.eclipse.ui.file.save",1293046515362
deactivated,workbench,org.eclipse.ui.workbench,3.6.1.M20100826-1330,"",1293046516977
activated,workbench,org.eclipse.ui.workbench,3.6.1.M20100826-1330,"",1293046597412
deactivated,workbench,org.eclipse.ui.workbench,3.6.1.M20100826-1330,"",1293046611860
activated,workbench,org.eclipse.ui.workbench,3.6.1.M20100826-1330,"",1293046631151
executed,command,org.eclipse.ui,3.6.1.M20100826-1330,"org.eclipse.ui.edit.copy",1293046656469
executed,command,org.eclipse.ui,3.6.1.M20100826-1330,"org.eclipse.ui.edit.paste",1293046671072
executed,command,org.eclipse.ui,3.6.1.M20100826-1330,"org.eclipse.ui.file.save",1293046671939
deactivated,workbench,org.eclipse.ui.workbench,3.6.1.M20100826-1330,"",1293046672753
activated,workbench,org.eclipse.ui.workbench,3.6.1.M20100826-1330,"",1293046704167
executed,command,org.eclipse.ui,3.6.1.M20100826-1330,"org.eclipse.ui.edit.copy",1293046743828
executed,command,org.eclipse.ui,3.6.1.M20100826-1330,"org.eclipse.ui.edit.paste",1293046750761
executed,command,org.eclipse.ui,3.6.1.M20100826-1330,"org.eclipse.ui.file.save",1293046751514
executed,command,org.eclipse.ui,3.6.1.M20100826-1330,"org.eclipse.ui.edit.copy",1293046758781
executed,command,org.eclipse.ui,3.6.1.M20100826-1330,"org.eclipse.ui.edit.paste",1293046766364
executed,command,org.eclipse.ui,3.6.1.M20100826-1330,"org.eclipse.ui.file.save",1293046767235
deactivated,workbench,org.eclipse.ui.workbench,3.6.1.M20100826-1330,"",1293046773740
activated,workbench,org.eclipse.ui.workbench,3.6.1.M20100826-1330,"",1293046774695
executed,command,org.eclipse.ui,3.6.1.M20100826-1330,"org.eclipse.ui.edit.delete",1293046790458
executed,command,org.eclipse.ui,3.6.1.M20100826-1330,"org.eclipse.ui.file.save",1293046800121
executed,command,org.eclipse.ui,3.6.1.M20100826-1330,"org.eclipse.ui.edit.undo",1293046807924
executed,command,org.eclipse.ui,3.6.1.M20100826-1330,"org.eclipse.ui.edit.undo",1293046808363
executed,command,org.eclipse.ui,3.6.1.M20100826-1330,"org.eclipse.ui.edit.undo",1293046808824
executed,command,org.eclipse.ui,3.6.1.M20100826-1330,"org.eclipse.ui.edit.undo",1293046809452
executed,command,org.eclipse.ui,3.6.1.M20100826-1330,"org.eclipse.ui.edit.undo",1293046810192
executed,command,org.eclipse.ui,3.6.1.M20100826-1330,"org.eclipse.ui.edit.undo",1293046810561
executed,command,org.eclipse.ui,3.6.1.M20100826-1330,"org.eclipse.ui.edit.undo",1293046811202
executed,command,org.eclipse.ui,3.6.1.M20100826-1330,"org.eclipse.ui.edit.undo",1293046811547
executed,command,org.eclipse.ui,3.6.1.M20100826-1330,"org.eclipse.ui.file.save",1293046812447
executed,command,org.eclipse.ui,3.6.1.M20100826-1330,"org.eclipse.ui.edit.copy",1293046819133
executed,command,org.eclipse.ui,3.6.1.M20100826-1330,"org.eclipse.ui.file.save",1293046828463
executed,command,org.eclipse.ui.workbench.texteditor,3.6.1.r361_v20100714-0800,"org.eclipse.ui.edit.text.select.lineEnd",1293046838224
executed,command,org.eclipse.ui,3.6.1.M20100826-1330,"org.eclipse.ui.edit.cut",1293046839172
executed,command,org.eclipse.ui,3.6.1.M20100826-1330,"org.eclipse.ui.file.save",1293046840083
executed,command,org.eclipse.ui,3.6.1.M20100826-1330,"org.eclipse.ui.edit.paste",1293046847170
executed,command,org.eclipse.ui,3.6.1.M20100826-1330,"org.eclipse.ui.edit.undo",1293046848198
executed,command,org.eclipse.ui.workbench.texteditor,3.6.1.r361_v20100714-0800,"org.eclipse.ui.edit.text.goto.lineEnd",1293046849376
executed,command,org.eclipse.ui,3.6.1.M20100826-1330,"org.eclipse.ui.edit.paste",1293046851492
executed,command,org.eclipse.ui,3.6.1.M20100826-1330,"org.eclipse.ui.file.save",1293046851907
executed,command,org.eclipse.ui,3.6.1.M20100826-1330,"org.eclipse.ui.edit.delete",1293046852984
executed,command,org.eclipse.ui,3.6.1.M20100826-1330,"org.eclipse.ui.file.save",1293046853352
deactivated,workbench,org.eclipse.ui.workbench,3.6.1.M20100826-1330,"",1293046854881
activated,workbench,org.eclipse.ui.workbench,3.6.1.M20100826-1330,"",1293046865596
executed,command,org.eclipse.ui,3.6.1.M20100826-1330,"org.eclipse.ui.edit.cut",1293046886047
executed,command,org.eclipse.ui.workbench.texteditor,3.6.1.r361_v20100714-0800,"org.eclipse.ui.edit.text.goto.lineEnd",1293046888666
executed,command,org.eclipse.ui,3.6.1.M20100826-1330,"org.eclipse.ui.edit.paste",1293046890340
executed,command,org.eclipse.ui,3.6.1.M20100826-1330,"org.eclipse.ui.file.save",1293046890645
deactivated,workbench,org.eclipse.ui.workbench,3.6.1.M20100826-1330,"",1293046891888
activated,workbench,org.eclipse.ui.workbench,3.6.1.M20100826-1330,"",1293046905867
executed,command,org.eclipse.ui,3.6.1.M20100826-1330,"org.eclipse.ui.edit.copy",1293046913133
executed,command,org.eclipse.ui,3.6.1.M20100826-1330,"org.eclipse.ui.edit.paste",1293046916075
executed,command,org.eclipse.ui,3.6.1.M20100826-1330,"org.eclipse.ui.file.save",1293046916494
deactivated,workbench,org.eclipse.ui.workbench,3.6.1.M20100826-1330,"",1293046917541
activated,workbench,org.eclipse.ui.workbench,3.6.1.M20100826-1330,"",1293046988755
executed,command,org.eclipse.ui,3.6.1.M20100826-1330,"org.eclipse.ui.edit.copy",1293046995514
executed,command,org.eclipse.ui,3.6.1.M20100826-1330,"org.eclipse.ui.file.save",1293047023682
executed,command,org.eclipse.ui,3.6.1.M20100826-1330,"org.eclipse.ui.edit.copy",1293047025209
executed,command,org.eclipse.ui,3.6.1.M20100826-1330,"org.eclipse.ui.edit.paste",1293047028409
executed,command,org.eclipse.ui,3.6.1.M20100826-1330,"org.eclipse.ui.file.save",1293047030018
executed,command,org.eclipse.ui,3.6.1.M20100826-1330,"org.eclipse.ui.edit.copy",1293047044436
executed,command,org.eclipse.ui,3.6.1.M20100826-1330,"org.eclipse.ui.edit.paste",1293047046548
executed,command,org.eclipse.ui,3.6.1.M20100826-1330,"org.eclipse.ui.file.save",1293047050243
deactivated,workbench,org.eclipse.ui.workbench,3.6.1.M20100826-1330,"",1293047053172
activated,workbench,org.eclipse.ui.workbench,3.6.1.M20100826-1330,"",1293047069856
deactivated,workbench,org.eclipse.ui.workbench,3.6.1.M20100826-1330,"",1293047081852
activated,workbench,org.eclipse.ui.workbench,3.6.1.M20100826-1330,"",1293047085575
executed,command,org.eclipse.ui,3.6.1.M20100826-1330,"org.eclipse.ui.edit.undo",1293047087265
executed,command,org.eclipse.ui,3.6.1.M20100826-1330,"org.eclipse.ui.edit.undo",1293047087588
executed,command,org.eclipse.ui,3.6.1.M20100826-1330,"org.eclipse.ui.edit.undo",1293047087896
executed,command,org.eclipse.ui,3.6.1.M20100826-1330,"org.eclipse.ui.file.save",1293047089226
deactivated,workbench,org.eclipse.ui.workbench,3.6.1.M20100826-1330,"",1293047091248
activated,workbench,org.eclipse.ui.workbench,3.6.1.M20100826-1330,"",1293047113712
activated,view,org.eclipse.ui.navigator.resources,3.4.201.M20100707-0800,"org.eclipse.ui.navigator.ProjectExplorer",1293047113746
deactivated,workbench,org.eclipse.ui.workbench,3.6.1.M20100826-1330,"",1293047116246
executed,command,org.eclipse.ltk.ui.refactoring,3.5.0.v20100526-0800,"org.eclipse.ltk.ui.refactoring.commands.renameResource",1293047117846
executed,command,org.eclipse.ui,3.6.1.M20100826-1330,"org.eclipse.ui.edit.rename",1293047117847
activated,workbench,org.eclipse.ui.workbench,3.6.1.M20100826-1330,"",1293047117860
executed,command,org.eclipse.ui,3.6.1.M20100826-1330,"org.eclipse.ui.file.refresh",1293047120265
deactivated,workbench,org.eclipse.ui.workbench,3.6.1.M20100826-1330,"",1293047125784
activated,workbench,org.eclipse.ui.workbench,3.6.1.M20100826-1330,"",1293047201611
deactivated,workbench,org.eclipse.ui.workbench,3.6.1.M20100826-1330,"",1293047207398
activated,perspective,org.eclipse.cdt.ui,,"org.eclipse.cdt.ui.CPerspective",1293047761666
started,bundle,org.eclipse.osgi,3.6.1.R36x_v20100806,"org.eclipse.osgi",1293047761668
started,bundle,org.eclipse.equinox.simpleconfigurator,1.0.200.v20100503,"org.eclipse.equinox.simpleconfigurator",1293047761669
started,bundle,com.ibm.icu,4.2.1.v20100412,"com.ibm.icu",1293047761670
started,bundle,org.eclipse.cdt.core,5.2.1.201009141542,"org.eclipse.cdt.core",1293047761671
started,bundle,org.eclipse.cdt.make.core,7.0.0.201009141542,"org.eclipse.cdt.make.core",1293047761672
started,bundle,org.eclipse.cdt.make.ui,7.0.0.201009141542,"org.eclipse.cdt.make.ui",1293047761673
started,bundle,org.eclipse.cdt.managedbuilder.core,7.0.1.201009141542,"org.eclipse.cdt.managedbuilder.core",1293047761674
started,bundle,org.eclipse.cdt.ui,5.2.1.201009141542,"org.eclipse.cdt.ui",1293047761676
started,bundle,org.eclipse.core.contenttype,3.4.100.v20100505-1235,"org.eclipse.core.contenttype",1293047761676
started,bundle,org.eclipse.core.databinding.observable,1.3.0.I20100601-0800,"org.eclipse.core.databinding.observable",1293047761677
started,bundle,org.eclipse.core.expressions,3.4.200.v20100505,"org.eclipse.core.expressions",1293047761677
started,bundle,org.eclipse.core.filebuffers,3.5.100.v20100520-0800,"org.eclipse.core.filebuffers",1293047761677
started,bundle,org.eclipse.core.filesystem,1.3.1.R36x_v20100727-0745,"org.eclipse.core.filesystem",1293047761678
started,bundle,org.eclipse.core.jobs,3.5.1.R36x_v20100824,"org.eclipse.core.jobs",1293047761678
started,bundle,org.eclipse.core.net,1.2.100.I20100511-0800,"org.eclipse.core.net",1293047761678
started,bundle,org.eclipse.core.resources,3.6.0.R36x_v20100825-0600,"org.eclipse.core.resources",1293047761679
started,bundle,org.eclipse.core.runtime,3.6.0.v20100505,"org.eclipse.core.runtime",1293047761679
started,bundle,org.eclipse.core.runtime.compatibility,3.2.100.v20100505,"org.eclipse.core.runtime.compatibility",1293047761679
started,bundle,org.eclipse.core.runtime.compatibility.auth,3.2.200.v20100517,"org.eclipse.core.runtime.compatibility.auth",1293047761680
started,bundle,org.eclipse.epp.usagedata.gathering,1.3.0.R201005261100,"org.eclipse.epp.usagedata.gathering",1293047761680
started,bundle,org.eclipse.epp.usagedata.recording,1.3.0.R201005261100,"org.eclipse.epp.usagedata.recording",1293047761680
started,bundle,org.eclipse.equinox.app,1.3.1.R36x_v20100803,"org.eclipse.equinox.app",1293047761681
started,bundle,org.eclipse.equinox.common,3.6.0.v20100503,"org.eclipse.equinox.common",1293047761681
started,bundle,org.eclipse.equinox.ds,1.2.1.R36x_v20100803,"org.eclipse.equinox.ds",1293047761681
started,bundle,org.eclipse.equinox.event,1.2.0.v20100503,"org.eclipse.equinox.event",1293047761682
started,bundle,org.eclipse.equinox.p2.core,2.0.2.R36x_v20100804,"org.eclipse.equinox.p2.core",1293047761682
started,bundle,org.eclipse.equinox.p2.directorywatcher,1.0.202.R36x_v20100727,"org.eclipse.equinox.p2.directorywatcher",1293047761683
started,bundle,org.eclipse.equinox.p2.engine,2.0.0.v20100606,"org.eclipse.equinox.p2.engine",1293047761683
started,bundle,org.eclipse.equinox.p2.metadata,2.0.0.v20100601,"org.eclipse.equinox.p2.metadata",1293047761683
started,bundle,org.eclipse.equinox.p2.metadata.repository,1.1.0.v20100513,"org.eclipse.equinox.p2.metadata.repository",1293047761684
started,bundle,org.eclipse.equinox.p2.operations,2.0.0.v20100510,"org.eclipse.equinox.p2.operations",1293047761684
started,bundle,org.eclipse.equinox.p2.reconciler.dropins,1.1.0.v20100525,"org.eclipse.equinox.p2.reconciler.dropins",1293047761684
started,bundle,org.eclipse.equinox.p2.repository,2.0.1.R36x_v20100823,"org.eclipse.equinox.p2.repository",1293047761685
started,bundle,org.eclipse.equinox.p2.ui.sdk.scheduler,1.0.0.v20100507-1815,"org.eclipse.equinox.p2.ui.sdk.scheduler",1293047761685
started,bundle,org.eclipse.equinox.p2.updatechecker,1.1.101.R36x_v20100823,"org.eclipse.equinox.p2.updatechecker",1293047761685
started,bundle,org.eclipse.equinox.preferences,3.3.0.v20100503,"org.eclipse.equinox.preferences",1293047761686
started,bundle,org.eclipse.equinox.registry,3.5.0.v20100503,"org.eclipse.equinox.registry",1293047761686
started,bundle,org.eclipse.equinox.security,1.0.200.v20100503,"org.eclipse.equinox.security",1293047761686
started,bundle,org.eclipse.equinox.util,1.0.200.v20100503,"org.eclipse.equinox.util",1293047761687
started,bundle,org.eclipse.help,3.5.0.v20100524,"org.eclipse.help",1293047761687
started,bundle,org.eclipse.jface,3.6.1.M20100825-0800,"org.eclipse.jface",1293047761687
started,bundle,org.eclipse.jsch.core,1.1.200.I20100505-1245,"org.eclipse.jsch.core",1293047761688
started,bundle,org.eclipse.ltk.core.refactoring,3.5.100.v20100526-0800,"org.eclipse.ltk.core.refactoring",1293047761688
started,bundle,org.eclipse.ltk.ui.refactoring,3.5.0.v20100526-0800,"org.eclipse.ltk.ui.refactoring",1293047761688
started,bundle,org.eclipse.mylyn.bugzilla.core,3.4.2.v20100902-0100-e3x,"org.eclipse.mylyn.bugzilla.core",1293047761689
started,bundle,org.eclipse.mylyn.bugzilla.ui,3.4.2.v20100909-0100-e3x,"org.eclipse.mylyn.bugzilla.ui",1293047761689
started,bundle,org.eclipse.mylyn.commons.net,3.4.1.v20100625-2100-e3x,"org.eclipse.mylyn.commons.net",1293047761689
started,bundle,org.eclipse.mylyn.commons.ui,3.4.0.v20100608-0100-e3x,"org.eclipse.mylyn.commons.ui",1293047761689
started,bundle,org.eclipse.mylyn.context.core,3.4.1.v20100909-0100-e3x,"org.eclipse.mylyn.context.core",1293047761690
started,bundle,org.eclipse.mylyn.context.ui,3.4.1.v20100909-0100-e3x,"org.eclipse.mylyn.context.ui",1293047761690
started,bundle,org.eclipse.mylyn.monitor.ui,3.4.0.v20100608-0100-e3x,"org.eclipse.mylyn.monitor.ui",1293047761690
started,bundle,org.eclipse.mylyn.tasks.ui,3.4.2.v20100902-0100-e3x,"org.eclipse.mylyn.tasks.ui",1293047761691
started,bundle,org.eclipse.mylyn.team.ui,3.4.2.v20100909-0100-e3x,"org.eclipse.mylyn.team.ui",1293047761691
started,bundle,org.eclipse.team.core,3.5.100.R36x_v20100825-0800,"org.eclipse.team.core",1293047761692
started,bundle,org.eclipse.team.cvs.core,3.3.300.I20100526-0800,"org.eclipse.team.cvs.core",1293047761692
started,bundle,org.eclipse.team.cvs.ui,3.3.301.R36x_v20100825-0800,"org.eclipse.team.cvs.ui",1293047761693
started,bundle,org.eclipse.team.ui,3.5.101.R36x_v20100825-0800,"org.eclipse.team.ui",1293047761694
started,bundle,org.eclipse.ui,3.6.1.M20100826-1330,"org.eclipse.ui",1293047761695
started,bundle,org.eclipse.ui.console,3.5.0.v20100526,"org.eclipse.ui.console",1293047761695
started,bundle,org.eclipse.ui.editors,3.6.1.r361_v20100825-0800,"org.eclipse.ui.editors",1293047761696
started,bundle,org.eclipse.ui.forms,3.5.2.r36_v20100702,"org.eclipse.ui.forms",1293047761696
started,bundle,org.eclipse.ui.ide,3.6.1.M20100825-0800,"org.eclipse.ui.ide",1293047761697
started,bundle,org.eclipse.ui.navigator,3.5.0.I20100601-0800,"org.eclipse.ui.navigator",1293047761697
started,bundle,org.eclipse.ui.navigator.resources,3.4.201.M20100707-0800,"org.eclipse.ui.navigator.resources",1293047761697
started,bundle,org.eclipse.ui.net,1.2.100.I20100505-1245,"org.eclipse.ui.net",1293047761698
started,bundle,org.eclipse.ui.views,3.5.0.I20100527-0800,"org.eclipse.ui.views",1293047761698
started,bundle,org.eclipse.ui.workbench,3.6.1.M20100826-1330,"org.eclipse.ui.workbench",1293047761698
started,bundle,org.eclipse.ui.workbench.texteditor,3.6.1.r361_v20100714-0800,"org.eclipse.ui.workbench.texteditor",1293047761699
started,bundle,org.eclipse.update.configurator,3.3.100.v20100512,"org.eclipse.update.configurator",1293047761700
started,bundle,org.eclipse.update.core,3.2.402.R36x_v20100629,"org.eclipse.update.core",1293047761701
started,bundle,org.eclipse.update.scheduler,3.2.300.v20100512,"org.eclipse.update.scheduler",1293047761701
os,sysinfo,,,"linux",1293047761704
arch,sysinfo,,,"x86",1293047761704
ws,sysinfo,,,"gtk",1293047761704
locale,sysinfo,,,"en_US",1293047761704
processors,sysinfo,,,"2",1293047761704
java.runtime.name,sysinfo,,,"OpenJDK Runtime Environment",1293047761704
java.runtime.version,sysinfo,,,"1.6.0_20-b20",1293047761704
java.specification.name,sysinfo,,,"Java Platform API Specification",1293047761704
java.specification.vendor,sysinfo,,,"Sun Microsystems Inc.",1293047761704
java.specification.version,sysinfo,,,"1.6",1293047761704
java.vendor,sysinfo,,,"Sun Microsystems Inc.",1293047761704
java.version,sysinfo,,,"1.6.0_20",1293047761704
java.vm.info,sysinfo,,,"mixed mode, sharing",1293047761704
java.vm.name,sysinfo,,,"OpenJDK Client VM",1293047761704
java.vm.specification.name,sysinfo,,,"Java Virtual Machine Specification",1293047761704
java.vm.specification.vendor,sysinfo,,,"Sun Microsystems Inc.",1293047761704
java.vm.specification.version,sysinfo,,,"1.0",1293047761704
java.vm.vendor,sysinfo,,,"Sun Microsystems Inc.",1293047761704
java.vm.version,sysinfo,,,"19.0-b09",1293047761704
started,bundle,org.eclipse.cdt.managedbuilder.ui,7.0.0.201009141542,"org.eclipse.cdt.managedbuilder.ui",1293047765010
deactivated,workbench,org.eclipse.ui.workbench,3.6.1.M20100826-1330,"",1293047765325
activated,workbench,org.eclipse.ui.workbench,3.6.1.M20100826-1330,"",1293047774801
deactivated,workbench,org.eclipse.ui.workbench,3.6.1.M20100826-1330,"",1293047781606
activated,workbench,org.eclipse.ui.workbench,3.6.1.M20100826-1330,"",1293047784989
deactivated,workbench,org.eclipse.ui.workbench,3.6.1.M20100826-1330,"",1293047786567
closed,workbench,org.eclipse.ui.workbench,3.6.1.M20100826-1330,"",1293047787666
started,bundle,org.eclipse.compare,3.5.100.I20100526-0800,"org.eclipse.compare",1293047787863
stopped,bundle,org.eclipse.cdt.debug.mi.ui,6.1.0.201009141542,"org.eclipse.cdt.debug.mi.ui",1293047787929
